{"cameraMode":{"drawMode":0,"name":"Shaded","section":"Shading Mode"},"sceneLighting":true,"audioPlay":false,"sceneViewState":{"showFog":true,"showMaterialUpdate":false,"showSkybox":true,"showFlares":true,"showImageEffects":true,"showParticleSystems":true},"in2DMode":false,"pivot":{"x":8.026359558105469,"y":0.07887840270996094,"z":-0.800018310546875},"rotation":{"x":0.3756659924983978,"y":0.07356169819831848,"z":-0.029928212985396386,"w":0.9233503341674805},"size":10.177230834960938,"orthographic":false}